<?xml version="1.0"?>
<doc>
    <assembly>
        <name>Microsoft.WSMan.Runtime</name>
    </assembly>
    <members>
        <member name="T:Microsoft.WSMan.Management.SessionOption">
            <summary>
            Session option class
            </summary>
        </member>
        <member name="P:Microsoft.WSMan.Management.SessionOption.SkipCACheck">
            <summary>
            property
            </summary>
        </member>
        <member name="P:Microsoft.WSMan.Management.SessionOption.SkipCNCheck">
            <summary>
            property
            </summary>
        </member>
        <member name="P:Microsoft.WSMan.Management.SessionOption.SkipRevocationCheck">
             <summary>
             property
             </summary>
            
        </member>
        <member name="P:Microsoft.WSMan.Management.SessionOption.UseEncryption">
            <summary>
            property
            </summary>
        </member>
        <member name="P:Microsoft.WSMan.Management.SessionOption.UseUtf16">
            <summary>
            property
            </summary>
        </member>
        <member name="P:Microsoft.WSMan.Management.SessionOption.ProxyAuthentication">
            <summary>
            property
            </summary>
        </member>
        <member name="P:Microsoft.WSMan.Management.SessionOption.SPNPort">
            <summary>
            property
            </summary>
        </member>
        <member name="P:Microsoft.WSMan.Management.SessionOption.OperationTimeout">
            <summary>
            property
            </summary>
        </member>
        <member name="P:Microsoft.WSMan.Management.SessionOption.ProxyCredential">
            <summary>
            property
            </summary>
        </member>
        <member name="P:Microsoft.WSMan.Management.SessionOption.ProxyAccessType">
            <summary>
            property
            </summary>
        </member>
        <member name="T:Microsoft.WSMan.Management.ProxyAccessType">
            <summary>
            property
            </summary>
        </member>
        <member name="F:Microsoft.WSMan.Management.ProxyAccessType.ProxyIEConfig">
            <summary>
            property
            </summary>
        </member>
        <member name="F:Microsoft.WSMan.Management.ProxyAccessType.ProxyWinHttpConfig">
            <summary>
            property
            </summary>
        </member>
        <member name="F:Microsoft.WSMan.Management.ProxyAccessType.ProxyAutoDetect">
            <summary>
            property
            </summary>
        </member>
        <member name="F:Microsoft.WSMan.Management.ProxyAccessType.ProxyNoProxyServer">
            <summary>
            property
            </summary>
        </member>
        <member name="T:Microsoft.WSMan.Management.ProxyAuthentication">
            <summary>
            property
            </summary>
        </member>
        <member name="F:Microsoft.WSMan.Management.ProxyAuthentication.Negotiate">
            <summary>
            property
            </summary>
        </member>
        <member name="F:Microsoft.WSMan.Management.ProxyAuthentication.Basic">
            <summary>
            property
            </summary>
        </member>
        <member name="F:Microsoft.WSMan.Management.ProxyAuthentication.Digest">
            <summary>
            property
            </summary>
        </member>
    </members>
</doc>
